date,symbol,status,in,out
2026-08-11,○,출석,08:23,18:00
2026-08-12,○,출석,09:02,18:00
2026-08-13,○,출석,08:55,18:00
2026-08-14,○,출석,08:53,17:50
2026-08-18,○,출석,08:57,17:55
2026-08-19,○,출석,08:59,17:55
2026-08-20,○,출석,08:51,17:56
2026-08-21,○,출석,08:55,17:50
2026-08-24,○,출석,09:01,17:52
2026-08-25,○,출석,08:52,17:50
2026-08-26,○,출석,08:52,17:50
2026-08-27,○,출석,08:56,18:10
2026-08-28,○,출석,08:48,18:09
2026-08-31,○,출석,09:00,18:04
2026-09-01,○,출석,09:07,18:07
2026-09-02,○,출석,08:57,18:00
2026-09-03,○,출석,08:44,18:03
2026-09-04,○,출석,08:56,18:00
2026-09-07,○,출석,08:45,18:09
2026-09-08,○,출석,08:39,18:30
2026-09-09,○,출석,08:53,18:09
2026-09-10,○,출석,08:39,18:00
2026-09-11,○,출석,08:48,17:54
2026-09-14,○,출석,09:06,18:10
2026-09-15,○,출석,08:42,18:05
2026-09-16,○,출석,08:18,18:00
2026-09-17,○,출석,08:37,18:00
2026-09-18,○,출석,08:28,18:02
2026-09-21,○,출석,08:46,18:00
2026-09-22,○,출석,09:00,18:02
2026-09-23,○,출석,08:59,18:08
2026-09-28,○,출석,08:46,18:23
2026-09-29,○,출석,08:45,18:19
2026-09-30,○,출석,09:08,18:08
2026-10-01,○,출석,08:52,18:15
2026-10-02,,확정 전,08:38,
