task,title,submitted,status
T01,나를 소개하는 한 페이지,2026-09-10 15:35,최종 확인 완료
T01,나를 소개하는 한 페이지,2026-09-10 15:52,최종 확인 완료
T01,나를 소개하는 한 페이지,2026-09-10 16:15,최종 확인 완료
T02,미니게임,2026-09-11 17:24,최종 확인 완료
T03,짤·카드 스튜디오,2026-09-14 18:53,최종 확인 완료
T04,정보판,2026-09-17 10:57,최종 확인 완료
T05,AI 갈아타기,2026-09-18 10:07,최종 확인 완료
T06,플랜두씨 다이어리 1,2026-09-21 09:17,최종 확인 완료
T07,플랜두씨 다이어리 2,2026-09-27 19:53,최종 확인 완료
T08,소개 페이지 패스키,2026-09-28 10:32,최종 확인 완료
T09,나를 말하는 에이전트,2026-09-30 16:26,최종 확인 완료
T10,AI와 함께 쓰는 첫 논문,2026-10-01 12:43,최종 확인 완료
T11,3만 자 장편소설,2026-10-01 17:36,최종 확인 완료
